[{"_id": "67fd10991f5dfcb62bd0599b", "id": "d289ce9e-166c-45a1-a58e-659f55bb1232", "patient": "8a1d685b-2cc8-4473-b2cd-f21796a0c3a0", "patient_name": "Ayoub El", "doctor": "1bc06f48-c7d9-4c88-9b1f-6b6390b019ee", "doctor_name": "John Doee", "date": "2025-04-14 11:30:00", "notes": "test", "status": "completed", "reason_for_visit": "test", "created_at": "2025-04-14 13:41:45.441000", "doctorInfo": {"id": "1bc06f48-c7d9-4c88-9b1f-6b6390b019ee", "name": "John Doee", "specialization": "Neurology", "consultation_fee": "20.00"}, "version": 1, "patientMedicalInfo": {"blood_type": "", "allergies": "", "medications": "", "medical_history": ""}}, {"_id": "6810c4eab5007fbe8e2c0143", "id": "db09fb4e-6525-41ff-8d2c-cee1e13fffaa", "patient": "8a1d685b-2cc8-4473-b2cd-f21796a0c3a0", "patient_name": "Ayoub El", "doctor": "c47877cb-0a21-44ce-8777-b425bc292503", "doctor_name": "Dr. Karen Zhao", "date": "2025-04-30 09:30:00", "notes": "test", "status": "scheduled", "reason_for_visit": "test", "created_at": "2025-04-29 13:24:10.376000", "doctorInfo": {"id": "c47877cb-0a21-44ce-8777-b425bc292503", "name": "Dr. Karen Zhao", "specialization": "ENT", "consultation_fee": "158.08"}, "version": 1, "patientMedicalInfo": {"blood_type": "", "allergies": "", "medications": "", "medical_history": ""}}, {"_id": "68271e0b5135ed30b207d390", "id": "7ba0f303-41f2-4f5e-8a15-31319c97c317", "patient": "8a1d685b-2cc8-4473-b2cd-f21796a0c3a0", "patient_name": "Ayoub El", "doctor": "47e1e7bd-b50f-4fb7-88a8-cb51fa7ff55f", "doctor_name": "Dr. Raj Walker", "date": "2025-05-23 11:30:00", "notes": "example", "status": "scheduled", "reason_for_visit": "example", "created_at": "2025-05-16 12:14:19.345000", "doctorInfo": {"id": "47e1e7bd-b50f-4fb7-88a8-cb51fa7ff55f", "name": "Dr. Raj Walker", "specialization": "Neurology", "consultation_fee": "132.25"}, "version": 1, "patientMedicalInfo": {"blood_type": "", "allergies": "", "medications": "", "medical_history": ""}}, {"_id": "68271fd15135ed30b207d393", "id": "67ed8e51-188b-4db6-8857-4b07dc1eb533", "patient": "4eb4c5d6-d8d6-4c61-a966-3ff8681c46f2", "patient_name": "Test User", "doctor": "1bc06f48-c7d9-4c88-9b1f-6b6390b019ee", "doctor_name": "John Doee", "date": "2025-05-19 09:00:00", "notes": "example", "status": "completed", "reason_for_visit": "example", "created_at": "2025-05-16 12:21:53.107000", "doctorInfo": {"id": "1bc06f48-c7d9-4c88-9b1f-6b6390b019ee", "name": "John Doee", "specialization": "Neurology", "consultation_fee": "20.00"}, "version": 1, "patientMedicalInfo": {"blood_type": "", "allergies": "", "medications": "", "medical_history": ""}}, {"_id": "682732924d6b5e8ed2cbe212", "id": "0baaef6d-021d-4d7d-a20b-2f10550a723a", "patient": "8a1d685b-2cc8-4473-b2cd-f21796a0c3a0", "patient_name": "Ayoub El", "doctor": "1bc06f48-c7d9-4c88-9b1f-6b6390b019ee", "doctor_name": "John Doee", "date": "2025-05-21 09:30:00", "notes": "notes example ", "status": "scheduled", "reason_for_visit": "example #1", "created_at": "2025-05-16 13:41:54.241000", "doctorInfo": {"id": "1bc06f48-c7d9-4c88-9b1f-6b6390b019ee", "name": "John Doee", "specialization": "Neurology", "consultation_fee": "20.00"}, "version": 1, "patientMedicalInfo": {"blood_type": "", "allergies": "", "medications": "", "medical_history": ""}}, {"_id": "682734684d6b5e8ed2cbe213", "id": "00eff35b-ab67-4ad0-bd5b-a83e442490b4", "patient": "8a1d685b-2cc8-4473-b2cd-f21796a0c3a0", "patient_name": "Ayoub El", "doctor": "1bc06f48-c7d9-4c88-9b1f-6b6390b019ee", "doctor_name": "John Doee", "date": "2025-05-21 10:00:00", "notes": "example  ", "status": "scheduled", "reason_for_visit": "example ", "created_at": "2025-05-16 13:49:44.239000", "doctorInfo": {"id": "1bc06f48-c7d9-4c88-9b1f-6b6390b019ee", "name": "John Doee", "specialization": "Neurology", "consultation_fee": "20.00"}, "version": 1, "patientMedicalInfo": {"blood_type": "", "allergies": "", "medications": "", "medical_history": ""}}, {"_id": "682737a54d6b5e8ed2cbe214", "id": "b7202d72-b868-421f-9f75-a34f1b586878", "patient": "8a1d685b-2cc8-4473-b2cd-f21796a0c3a0", "patient_name": "Ayoub El", "doctor": "c1067c84-b8ff-4520-ac0f-29f2d0f10c23", "doctor_name": "Dr. Richard Johnson", "date": "2025-05-30 12:00:00", "notes": "example", "status": "scheduled", "reason_for_visit": "example", "created_at": "2025-05-16 14:03:33.712000", "doctorInfo": {"id": "c1067c84-b8ff-4520-ac0f-29f2d0f10c23", "name": "Dr. Richard Johnson", "specialization": "Gastroenterology", "consultation_fee": "220.67"}, "version": 1, "patientMedicalInfo": {"blood_type": "", "allergies": "", "medications": "", "medical_history": ""}}, {"_id": "68287a305399e3040a4ba186", "id": "4c6e0a23-c51b-4c15-a849-a3baff545947", "patient": "8a1d685b-2cc8-4473-b2cd-f21796a0c3a0", "patient_name": "Ayoub El", "doctor": "c0c6da13-bf73-4a9b-a694-b8d57dc6dce1", "doctor_name": "Dr. James Lopez", "date": "2025-05-20 09:30:00", "notes": "test", "status": "scheduled", "reason_for_visit": "test", "created_at": "2025-05-17 12:59:44.615000", "doctorInfo": {"id": "c0c6da13-bf73-4a9b-a694-b8d57dc6dce1", "name": "Dr. James Lopez", "specialization": "Cardiology", "consultation_fee": "220.97"}, "version": 1, "patientMedicalInfo": {"blood_type": "", "allergies": "", "medications": "", "medical_history": ""}}, {"_id": "68287a765399e3040a4ba187", "id": "f4a5dd27-ccce-4b69-87e0-f53cea15c60b", "patient": "8a1d685b-2cc8-4473-b2cd-f21796a0c3a0", "patient_name": "Ayoub El", "doctor": "1bc06f48-c7d9-4c88-9b1f-6b6390b019ee", "doctor_name": "John Doee", "date": "2025-05-21 11:30:00", "notes": "test", "status": "scheduled", "reason_for_visit": "test", "created_at": "2025-05-17 13:00:54.228000", "doctorInfo": {"id": "1bc06f48-c7d9-4c88-9b1f-6b6390b019ee", "name": "John Doee", "specialization": "Neurology", "consultation_fee": "20.00"}, "version": 1, "patientMedicalInfo": {"blood_type": "", "allergies": "", "medications": "", "medical_history": ""}}]