[{"_id": "67fa7311b3df8ec63d4fa19d", "id": "ac7061fa-94f8-4f90-b068-090008ba03a8", "user_id": "9195478d-7c0a-496d-b42a-d9eff0f18b55", "name": "Test Doctor", "specialization": "Cardiology", "email": "doctor_3622@example.com", "phone": "555-987-6543", "qualification": "MD", "experience_years": 10, "consultation_fee": "100", "available_days": "Monday,Tuesday,Wednesday,Thursday,Friday", "bio": "Experienced cardiologist", "medical_center": null, "medical_center_name": "", "emergency_available": true, "daily_patient_limit": 10, "is_available": true, "created_at": "2025-04-12 14:05:05.889000", "exception_dates": [], "regular_availability": {}}, {"_id": "67fa89d776da90c65e64cf96", "id": "f2cacbae-bd15-486e-9973-404139426411", "user_id": "1eb0d4ec-5a3c-40c5-ade9-5dd4212bfcc2", "name": "Test Doctor", "specialization": "Cardiology", "email": "doctor_8022@example.com", "phone": "555-987-6543", "qualification": "MD", "experience_years": 10, "consultation_fee": "100", "available_days": "Monday,Wednesday,Friday", "bio": "Experienced cardiologist", "medical_center": null, "medical_center_name": "", "emergency_available": true, "daily_patient_limit": 10, "is_available": true, "created_at": "2025-04-12 15:42:15.886000", "exception_dates": [], "regular_availability": {}}, {"_id": "67fbb5239e1f5ac919d15dc1", "id": "d96ed726-8bed-4161-bcbf-e338c588f978", "user_id": "9036809a-c3e6-4c05-af45-303446c8c95c", "name": "Test Doctor", "specialization": "Cardiology", "email": "doctor_7504@example.com", "phone": "555-987-6543", "qualification": "MD", "experience_years": 10, "consultation_fee": "100", "available_days": "Monday,Wednesday,Friday", "bio": "Experienced cardiologist", "medical_center": null, "medical_center_name": "City Hospital", "emergency_available": true, "daily_patient_limit": 10, "is_available": true, "created_at": "2025-04-13 12:59:15.025000", "exception_dates": [], "regular_availability": {}}, {"_id": "67fc12dde3b9bf254870b3b4", "id": "c8e2dcab-585b-476e-831e-1cbae1e19641", "user_id": "131c09cc-a76f-4e87-8b65-bace2cd8a3e7", "name": "John Doee", "email": "doctor1@gmail.com", "phone": "0123456789", "specialization": "Neurology", "qualification": "MBBS", "experience_years": 6, "consultation_fee": "20.00", "available_days": "Fridays", "bio": "tttttttttttttttttttttttttt", "created_at": "2025-04-13 19:39:09.119000", "daily_patient_limit": 10, "exception_dates": [], "is_available": true, "regular_availability": {}}, {"_id": "67fc13e92302502796e69d58", "id": "1bc06f48-c7d9-4c88-9b1f-6b6390b019ee", "user_id": "154f7933-96d9-4cf0-81a6-aa0f68a5c277", "name": "John Doee", "email": "doctor2@gmail.com", "phone": "0123456789", "specialization": "Neurology", "qualification": "MBBS", "experience_years": 6, "consultation_fee": "20.00", "available_days": "monday,wednesday,thursday", "bio": "tttttttttttttttttttttttttt", "created_at": "2025-04-13 19:43:37.530000", "daily_patient_limit": 10, "exception_dates": [], "is_available": true, "regular_availability": {}}, {"_id": "67fd343d0db066e624da7c85", "id": "c47877cb-0a21-44ce-8777-b425bc292503", "user_id": "7d37c339-4a5d-4293-8afd-af7bb421029a", "name": "Dr. Karen Zhao", "email": "karen.zhao@icloud.com", "phone": "+1-772-733-1625", "specialization": "ENT", "qualification": "MS", "experience_years": 24, "consultation_fee": "158.08", "available_days": "wednesday,monday,tuesday,thursday,friday", "bio": "Dr. Zhao is a ENT specialist with 24 years of experience. Graduated with MS and specializes in treating various conditions.", "medical_center": "Community Health Center", "medical_center_name": "Community Health Center", "emergency_available": false, "daily_patient_limit": 11, "is_available": true, "created_at": "2025-04-14 16:13:48.210000", "exception_dates": [{"date": "2025-05-17", "reason": "Personal leave", "is_available": false}], "regular_availability": {}}, {"_id": "67fd343d0db066e624da7c8e", "id": "c1067c84-b8ff-4520-ac0f-29f2d0f10c23", "user_id": "c84f4023-e672-40c0-8c82-1f6c148d84c9", "name": "Dr. Richard Johnson", "email": "richard.johnson@aol.com", "phone": "+1-897-260-6937", "specialization": "Gastroenterology", "qualification": "MRCP", "experience_years": 2, "consultation_fee": "220.67", "available_days": "tuesday,friday", "bio": "Dr. Johnson is a Gastroenterology specialist with 2 years of experience. Graduated with MRCP and specializes in treating various conditions.", "medical_center": "University Hospital", "medical_center_name": "University Hospital", "emergency_available": true, "daily_patient_limit": 20, "is_available": true, "created_at": "2025-04-14 16:13:48.800000", "exception_dates": [], "regular_availability": {}}, {"_id": "67fd343d0db066e624da7c94", "id": "cd705ae7-b936-4b9d-827f-2a3cbf5f5860", "user_id": "58aa4b09-3e6e-4f6a-b76c-bce75a3ba8d5", "name": "Dr. Thomas Mahmood", "email": "thomas.mahmood@yahoo.com", "phone": "+1-858-291-9474", "specialization": "Infectious Disease", "qualification": "MRCGP", "experience_years": 5, "consultation_fee": "159.65", "available_days": "tuesday,thursday", "bio": "Dr. Mahmood is a Infectious Disease specialist with 5 years of experience. Graduated with MRCGP and specializes in treating various conditions.", "medical_center": "City Medical Center", "medical_center_name": "City Medical Center", "emergency_available": false, "daily_patient_limit": 12, "is_available": true, "created_at": "2025-04-14 16:13:49.434000", "exception_dates": [{"date": "2025-05-29", "reason": "Holiday", "is_available": false}], "regular_availability": {}}, {"_id": "67fd343d0db066e624da7c95", "id": "46e1e0b9-fcb2-4ee2-9987-59ee2e124914", "user_id": "88f222d9-6b83-45b1-8f9a-8be3c5920e27", "name": "Dr. Joseph Patel", "email": "joseph.patel@gmail.com", "phone": "+1-798-277-9535", "specialization": "Pediatrics", "qualification": "MRCS", "experience_years": 28, "consultation_fee": "63.55", "available_days": "thursday,friday,tuesday", "bio": "Dr. Patel is a Pediatrics specialist with 28 years of experience. Graduated with MRCS and specializes in treating various conditions.", "medical_center": "Community Health Center", "medical_center_name": "Community Health Center", "emergency_available": true, "daily_patient_limit": 19, "is_available": true, "created_at": "2025-04-14 16:13:49.505000", "exception_dates": [{"date": "2025-05-26", "reason": "Out of office", "is_available": false}, {"date": "2025-05-25", "reason": "Conference", "is_available": false}], "regular_availability": {}}, {"_id": "67fd343d0db066e624da7c96", "id": "76b1786e-ff43-41c8-aad6-2c124c229707", "user_id": "a9ba014a-9564-41f1-891d-9f104df2a20f", "name": "Dr. Aisha Johnson", "email": "aisha.johnson@hotmail.com", "phone": "+1-322-900-4413", "specialization": "Pulmonology", "qualification": "MD", "experience_years": 6, "consultation_fee": "287.93", "available_days": "tuesday,thursday", "bio": "Dr. Johnson is a Pulmonology specialist with 6 years of experience. Graduated with MD and specializes in treating various conditions.", "medical_center": "Medical Associates", "medical_center_name": "Medical Associates", "emergency_available": true, "daily_patient_limit": 16, "is_available": true, "created_at": "2025-04-14 16:13:49.623000", "exception_dates": [{"date": "2025-06-06", "reason": "Personal leave", "is_available": false}], "regular_availability": {}}, {"_id": "67fd343d0db066e624da7c91", "id": "04ea9da4-e206-4c53-89aa-ff0ff2d9ac1a", "user_id": "cd191891-1281-4285-975f-7eaaa09a0693", "name": "Dr. Xiu Walker", "email": "xiu.walker@hotmail.com", "phone": "+1-274-424-4482", "specialization": "Ophthalmology", "qualification": "MBBS", "experience_years": 10, "consultation_fee": "269.55", "available_days": "thursday,tuesday,monday,friday", "bio": "Dr. Walker is a Ophthalmology specialist with 10 years of experience. Graduated with MBBS and specializes in treating various conditions.", "medical_center": "Community Health Center", "medical_center_name": "Community Health Center", "emergency_available": true, "daily_patient_limit": 15, "is_available": true, "created_at": "2025-04-14 16:13:49.085000", "exception_dates": [{"date": "2025-05-17", "reason": "Personal leave", "is_available": false}, {"date": "2025-05-12", "reason": "Personal leave", "is_available": false}, {"date": "2025-05-29", "reason": "Holiday", "is_available": false}], "regular_availability": {}}, {"_id": "67fd343d0db066e624da7c93", "id": "2334d1bd-08d3-478a-bd3c-08202fada90f", "user_id": "6d1f7956-e3fb-4f2d-9651-acf5b053ec03", "name": "Dr. Ming Hall", "email": "ming.hall@icloud.com", "phone": "+1-228-264-4922", "specialization": "Hematology", "qualification": "MRCGP", "experience_years": 12, "consultation_fee": "66.38", "available_days": "wednesday,tuesday", "bio": "Dr. Hall is a Hematology specialist with 12 years of experience. Graduated with MRCGP and specializes in treating various conditions.", "medical_center": "Central Hospital", "medical_center_name": "Central Hospital", "emergency_available": true, "daily_patient_limit": 9, "is_available": true, "created_at": "2025-04-14 16:13:49.342000", "exception_dates": [{"date": "2025-05-07", "reason": "Conference", "is_available": false}, {"date": "2025-06-02", "reason": "Conference", "is_available": false}], "regular_availability": {}}, {"_id": "67fd343d0db066e624da7c84", "id": "c0c6da13-bf73-4a9b-a694-b8d57dc6dce1", "user_id": "186adbca-3f12-4f61-a066-3713861b5976", "name": "Dr. James Lopez", "email": "james.lopez@gmail.com", "phone": "+1-924-974-5106", "specialization": "Cardiology", "qualification": "MRCGP", "experience_years": 20, "consultation_fee": "220.97", "available_days": "friday,tuesday", "bio": "Dr. Lopez is a Cardiology specialist with 20 years of experience. Graduated with MRCGP and specializes in treating various conditions.", "medical_center": "Memorial Medical Center", "medical_center_name": "Memorial Medical Center", "emergency_available": true, "daily_patient_limit": 12, "is_available": true, "created_at": "2025-04-14 16:13:48.025000", "exception_dates": [{"date": "2025-04-19", "reason": "Personal leave", "is_available": false}, {"date": "2025-06-13", "reason": "Holiday", "is_available": false}], "regular_availability": {}}, {"_id": "67fd343d0db066e624da7c86", "id": "6037eff1-acff-46f3-8889-5fe4abe74f13", "user_id": "72fea63f-4efc-4def-b7d3-ea7cfc91d9f3", "name": "Dr. Wei Gonzalez", "email": "wei.gonzalez@hotmail.com", "phone": "+1-988-162-9866", "specialization": "Ophthalmology", "qualification": "MBBS", "experience_years": 2, "consultation_fee": "190.45", "available_days": "wednesday,tuesday,friday", "bio": "Dr. Gonzalez is a Ophthalmology specialist with 2 years of experience. Graduated with MBBS and specializes in treating various conditions.", "medical_center": "Wellness Clinic", "medical_center_name": "Wellness Clinic", "emergency_available": true, "daily_patient_limit": 12, "is_available": true, "created_at": "2025-04-14 16:13:48.273000", "exception_dates": [], "regular_availability": {}}, {"_id": "67fd343d0db066e624da7c88", "id": "80e94106-0f3f-4c7a-b527-47b2ebfd9369", "user_id": "e84f178e-22bb-4b2a-a22c-79dd0e942058", "name": "Dr. Joseph Robinson", "email": "joseph.robinson@hotmail.com", "phone": "+1-454-153-1391", "specialization": "Psychiatry", "qualification": "DNB", "experience_years": 9, "consultation_fee": "266.52", "available_days": "tuesday,monday,friday,thursday,wednesday", "bio": "Dr. Robinson is a Psychiatry specialist with 9 years of experience. Graduated with DNB and specializes in treating various conditions.", "medical_center": "Health First", "medical_center_name": "Health First", "emergency_available": true, "daily_patient_limit": 18, "is_available": true, "created_at": "2025-04-14 16:13:48.334000", "exception_dates": [], "regular_availability": {}}, {"_id": "67fd343d0db066e624da7c89", "id": "067270dd-b33a-4b07-aab8-8bb822dd8ee5", "user_id": "05a75f7f-62df-4602-a267-1968254f937c", "name": "Dr. Jessica Wright", "email": "jessica.wright@hotmail.com", "phone": "+1-783-186-5537", "specialization": "Psychiatry", "qualification": "MRCS", "experience_years": 3, "consultation_fee": "111.85", "available_days": "thursday,monday", "bio": "Dr. Wright is a Psychiatry specialist with 3 years of experience. Graduated with MRCS and specializes in treating various conditions.", "medical_center": "Regional Hospital", "medical_center_name": "Regional Hospital", "emergency_available": true, "daily_patient_limit": 20, "is_available": true, "created_at": "2025-04-14 16:13:48.364000", "exception_dates": [{"date": "2025-05-02", "reason": "Personal leave", "is_available": false}, {"date": "2025-06-04", "reason": "Out of office", "is_available": false}, {"date": "2025-05-11", "reason": "Conference", "is_available": false}], "regular_availability": {}}, {"_id": "67fd343d0db066e624da7c8a", "id": "7745a8bf-198f-40e9-b2c0-afdef54e6f9e", "user_id": "a1ff948d-400f-4ff4-b215-34ae5c003c64", "name": "Dr. Emily Young", "email": "emily.young@yahoo.com", "phone": "+1-764-865-3244", "specialization": "Endocrinology", "qualification": "MD-PhD", "experience_years": 16, "consultation_fee": "155.76", "available_days": "monday,friday", "bio": "Dr. Young is a Endocrinology specialist with 16 years of experience. Graduated with MD-PhD and specializes in treating various conditions.", "medical_center": "Community Health Center", "medical_center_name": "Community Health Center", "emergency_available": false, "daily_patient_limit": 13, "is_available": true, "created_at": "2025-04-14 16:13:48.491000", "exception_dates": [{"date": "2025-04-22", "reason": "Out of office", "is_available": false}, {"date": "2025-04-28", "reason": "Personal leave", "is_available": false}], "regular_availability": {}}, {"_id": "67fd343d0db066e624da7c8c", "id": "1cb881df-ab8b-41dd-9e60-7bf55c5c37ed", "user_id": "fa252980-78ab-4f62-974c-041140af21d8", "name": "Dr. Mark Harris", "email": "mark.harris@gmail.com", "phone": "+1-276-424-2572", "specialization": "ENT", "qualification": "DNB", "experience_years": 25, "consultation_fee": "99.67", "available_days": "wednesday,monday,friday,thursday,tuesday", "bio": "Dr. Harris is a ENT specialist with 25 years of experience. Graduated with DNB and specializes in treating various conditions.", "medical_center": "Health First", "medical_center_name": "Health First", "emergency_available": true, "daily_patient_limit": 17, "is_available": true, "created_at": "2025-04-14 16:13:48.650000", "exception_dates": [{"date": "2025-05-04", "reason": "Out of office", "is_available": false}, {"date": "2025-05-04", "reason": "Holiday", "is_available": false}], "regular_availability": {}}, {"_id": "67fd343d0db066e624da7c8f", "id": "693a205d-2300-4a6a-9951-8e102652a296", "user_id": "fcf3c777-538d-4f79-9f8a-4b20293d44f6", "name": "Dr. Li King", "email": "li.king@gmail.com", "phone": "+1-803-317-2710", "specialization": "Urology", "qualification": "PhD", "experience_years": 10, "consultation_fee": "65.96", "available_days": "tuesday,friday", "bio": "Dr. King is a Urology specialist with 10 years of experience. Graduated with PhD and specializes in treating various conditions.", "medical_center": "Memorial Medical Center", "medical_center_name": "Memorial Medical Center", "emergency_available": true, "daily_patient_limit": 20, "is_available": true, "created_at": "2025-04-14 16:13:48.831000", "exception_dates": [{"date": "2025-05-02", "reason": "Personal leave", "is_available": false}, {"date": "2025-05-11", "reason": "Conference", "is_available": false}, {"date": "2025-05-11", "reason": "Holiday", "is_available": false}], "regular_availability": {}}, {"_id": "67fd343d0db066e624da7c92", "id": "47e1e7bd-b50f-4fb7-88a8-cb51fa7ff55f", "user_id": "b88e160a-2961-40b0-9c1c-03d3af485707", "name": "Dr. Raj Walker", "email": "raj.walker@hotmail.com", "phone": "+1-588-369-7889", "specialization": "Neurology", "qualification": "MD", "experience_years": 16, "consultation_fee": "132.25", "available_days": "tuesday,thursday,friday,monday,wednesday", "bio": "Dr. Walker is a Neurology specialist with 16 years of experience. Graduated with MD and specializes in treating various conditions.", "medical_center": "Memorial Medical Center", "medical_center_name": "Memorial Medical Center", "emergency_available": false, "daily_patient_limit": 18, "is_available": true, "created_at": "2025-04-14 16:13:49.211000", "exception_dates": [{"date": "2025-04-22", "reason": "Personal leave", "is_available": false}, {"date": "2025-04-30", "reason": "Holiday", "is_available": false}, {"date": "2025-04-25", "reason": "Personal leave", "is_available": false}], "regular_availability": {}}, {"_id": "67fd343d0db066e624da7c97", "id": "34ea6c54-ed3d-4a59-a8f3-828c2e52ac26", "user_id": "b16a4967-1efc-4f0d-bc77-09996bd1b580", "name": "Dr. James Johnson", "email": "james.johnson@hotmail.com", "phone": "+1-484-354-5073", "specialization": "Ophthalmology", "qualification": "MS", "experience_years": 10, "consultation_fee": "215.66", "available_days": "monday,thursday", "bio": "Dr. Johnson is a Ophthalmology specialist with 10 years of experience. Graduated with MS and specializes in treating various conditions.", "medical_center": "University Hospital", "medical_center_name": "University Hospital", "emergency_available": false, "daily_patient_limit": 8, "is_available": true, "created_at": "2025-04-14 16:13:49.741000", "exception_dates": [{"date": "2025-05-13", "reason": "Out of office", "is_available": false}], "regular_availability": {}}, {"_id": "67fd343d0db066e624da7c98", "id": "40f23377-f675-4a6e-9ef6-6cec0cac7453", "user_id": "738dc4f1-4afd-4ad9-9dab-febef54753a2", "name": "Dr. Test Doctor", "email": "doctor@example.com", "phone": "+1-326-395-2279", "specialization": "ENT", "qualification": "MD-PhD", "experience_years": 6, "consultation_fee": "190.05", "available_days": "friday,monday,wednesday", "bio": "Dr. Doctor is a ENT specialist with 6 years of experience. Graduated with MD-PhD and specializes in treating various conditions.", "medical_center": "Regional Hospital", "medical_center_name": "Regional Hospital", "emergency_available": true, "daily_patient_limit": 9, "is_available": true, "created_at": "2025-04-14 16:13:49.880000", "exception_dates": [], "regular_availability": {}}, {"_id": "67fd343d0db066e624da7c87", "id": "6f446f79-149a-49ae-b41a-f59960be76c8", "user_id": "179742aa-030d-48a9-a80c-5fc4896f9b5f", "name": "Dr. Emily Mahmood", "email": "emily.mahmood@aol.com", "phone": "+1-230-941-8307", "specialization": "Cardiology", "qualification": "DNB", "experience_years": 4, "consultation_fee": "120.4", "available_days": "friday,thursday,tuesday", "bio": "Dr. Mahmood is a Cardiology specialist with 4 years of experience. Graduated with DNB and specializes in treating various conditions.", "medical_center": "Wellness Clinic", "medical_center_name": "Wellness Clinic", "emergency_available": true, "daily_patient_limit": 12, "is_available": true, "created_at": "2025-04-14 16:13:48.302000", "exception_dates": [], "regular_availability": {}}, {"_id": "67fd343d0db066e624da7c8b", "id": "af0ae164-7f1a-498a-b6a9-2c31e1d8cf90", "user_id": "4e2978d8-de02-47f0-8f86-3dfea556b7b5", "name": "Dr. Fatima Jones", "email": "fatima.jones@aol.com", "phone": "+1-475-465-1396", "specialization": "Endocrinology", "qualification": "FRCS", "experience_years": 17, "consultation_fee": "210.74", "available_days": "monday,tuesday,friday,wednesday", "bio": "Dr. Jones is a Endocrinology specialist with 17 years of experience. Graduated with FRCS and specializes in treating various conditions.", "medical_center": "Specialty Care Clinic", "medical_center_name": "Specialty Care Clinic", "emergency_available": false, "daily_patient_limit": 9, "is_available": true, "created_at": "2025-04-14 16:13:48.586000", "exception_dates": [{"date": "2025-06-07", "reason": "Conference", "is_available": false}], "regular_availability": {}}, {"_id": "67fd343d0db066e624da7c8d", "id": "6a4fbd26-b468-4b77-bd74-d4e11bc48024", "user_id": "6d0fe907-af8e-40f9-a36f-4d18b20b28bd", "name": "Dr. Richard Shah", "email": "richard.shah@aol.com", "phone": "+1-718-679-6958", "specialization": "Gynecology", "qualification": "MRCP", "experience_years": 19, "consultation_fee": "221.95", "available_days": "tuesday,friday", "bio": "Dr. Shah is a Gynecology specialist with 19 years of experience. Graduated with MRCP and specializes in treating various conditions.", "medical_center": "Memorial Medical Center", "medical_center_name": "Memorial Medical Center", "emergency_available": true, "daily_patient_limit": 12, "is_available": true, "created_at": "2025-04-14 16:13:48.740000", "exception_dates": [{"date": "2025-06-04", "reason": "Conference", "is_available": false}], "regular_availability": {}}, {"_id": "67fd343d0db066e624da7c90", "id": "9acce3c5-1861-4c8f-9660-cd7997307a2b", "user_id": "37ef3742-74d4-49dc-ae9c-b6ff33aba332", "name": "Dr. Richard Zhao", "email": "richard.zhao@hotmail.com", "phone": "+1-493-598-6118", "specialization": "Nephrology", "qualification": "MBBS", "experience_years": 9, "consultation_fee": "217.03", "available_days": "friday,wednesday", "bio": "Dr. Zhao is a Nephrology specialist with 9 years of experience. Graduated with MBBS and specializes in treating various conditions.", "medical_center": "Medical Associates", "medical_center_name": "Medical Associates", "emergency_available": false, "daily_patient_limit": 8, "is_available": true, "created_at": "2025-04-14 16:13:48.956000", "exception_dates": [{"date": "2025-05-25", "reason": "Out of office", "is_available": false}, {"date": "2025-05-05", "reason": "Personal leave", "is_available": false}, {"date": "2025-04-17", "reason": "Conference", "is_available": false}], "regular_availability": {}}, {"_id": "6810ca8083600766346949d3", "id": "eca25d67-c8e3-4c4b-bf2c-ea69b2ef6051", "user_id": "6368e388-39d0-4d20-b8f0-76f3a68088af", "name": "Test Doctor", "specialization": "Cardiology", "email": "doctor_2125@example.com", "phone": "555-987-6543", "qualification": "MD", "experience_years": 10, "consultation_fee": "100", "available_days": "Monday,Wednesday,Friday", "bio": "Experienced cardiologist", "medical_center": null, "medical_center_name": "City Hospital", "emergency_available": true, "daily_patient_limit": 10, "is_available": true, "created_at": "2025-04-29 13:48:00.788000", "exception_dates": [], "regular_availability": {}}]