[{"_id": "67f67862de5c19e58e525e77", "id": "f0550749-708c-427d-b1ca-f36a0c870607", "user_id": "903b7173-0c90-4eb1-a56d-fa31b2d4c782", "name": "John Doe", "email": "testuser3@gmail.com", "phone": "", "date_of_birth": "", "gender": "", "address": "", "medical_history": "", "allergies": "", "medications": "", "created_at": "2025-04-09 13:38:42.671000", "appointment_history": []}, {"_id": "67f67893de5c19e58e525e79", "id": "cc2b16d6-e17d-4422-8fc0-7fc2bc446e5c", "user_id": "22edec25-92b8-421c-82b2-c2511047a7cb", "name": "John Doe", "email": "testuser9@gmail.com", "phone": "", "date_of_birth": "", "gender": "", "address": "", "medical_history": "", "allergies": "", "medications": "", "created_at": "2025-04-09 13:39:31.218000", "appointment_history": []}, {"_id": "67f6929dd5b1faf86987eeb9", "id": "a1b5d2e5-e2ab-485d-9caf-e580dd2bf6aa", "user_id": "957a8832-d322-4722-a15c-5aa62afe7586", "name": "John Doe", "email": "testmail@gmail.com", "phone": "0123456789", "date_of_birth": "2004-12-14", "gender": "male", "address": "test", "medical_history": "", "allergies": "", "medications": "", "created_at": "2025-04-09 15:30:37.573000", "appointment_history": []}, {"_id": "67fa7311b3df8ec63d4fa19b", "id": "835541a6-e6f7-4319-abe6-8c628751efeb", "user_id": "63ef012b-3152-4454-8cd1-dee86096a5e3", "name": "Test Patient", "email": "patient_7008@example.com", "phone": "555-123-4567", "date_of_birth": "1990-01-01", "gender": "male", "address": "123 Test St", "medical_history": [{"condition": "None", "diagnosed_date": null, "notes": null}], "allergies": "None", "medications": "None", "created_at": "2025-04-12 14:05:05.581000", "appointment_history": []}, {"_id": "67fa89d776da90c65e64cf94", "id": "4a6fc905-683f-4651-b524-dd3206e86736", "user_id": "30bf4b97-312c-4414-9c0d-4aef486cf3f2", "name": "Test Patient", "email": "patient_3606@example.com", "phone": "555-123-4567", "date_of_birth": "1990-01-01", "gender": "male", "address": "123 Test St", "medical_history": [{"condition": "None", "diagnosed_date": null, "notes": null}], "allergies": "None", "medications": "None", "created_at": "2025-04-12 15:42:15.530000", "appointment_history": []}, {"_id": "67fa9b37dcfcc5e3cc272cba", "id": "db1f9a56-fd5b-4c5e-997f-0d9b3fc24e14", "user_id": "8a1d685b-2cc8-4473-b2cd-f21796a0c3a0", "name": "Ayoub El", "email": "elayoub407@gmail.com", "phone": "0123456789", "date_of_birth": "2004-12-14", "gender": "male", "address": "test", "medical_history": "", "allergies": "", "medications": "", "created_at": "2025-04-12 16:56:23.533000", "appointment_history": []}, {"_id": "67faa2d9dcfcc5e3cc272cbc", "id": "5f243037-e3e4-4e35-99ae-6082f3d7b3f6", "user_id": "5ab972e2-9a9f-46b0-8079-0a8ea8506db9", "name": "John Doe", "email": "testt1@gmail.com", "phone": "0123456789", "date_of_birth": "2004-12-14", "gender": "male", "address": "test", "medical_history": "", "allergies": "", "medications": "", "created_at": "2025-04-12 17:28:57.264000", "appointment_history": []}, {"_id": "67fbb5229e1f5ac919d15dbf", "id": "94c01c01-d01c-40bf-8b45-005ddfb2aa19", "user_id": "82972c3f-3b7e-44d6-83cb-5c875b9f1d3e", "name": "Test Patient", "email": "patient_4260@example.com", "phone": "555-123-4567", "date_of_birth": "1990-01-01", "gender": "male", "address": "123 Test St", "medical_history": [{"condition": "None", "diagnosed_date": null, "notes": null}], "allergies": "None", "medications": "None", "created_at": "2025-04-13 12:59:14.673000", "appointment_history": []}, {"_id": "67fd30b37bdca29b4877234d", "id": "6108123a-9a5d-4d9e-8f3d-9925c9bee2b8", "user_id": "0dfb0c75-fe32-45c0-a011-ad15f29b9e81", "name": "New Patient", "email": "newpatient3469@example.com", "phone": "+1-555-987-6543", "date_of_birth": "1990-01-01", "gender": "male", "address": "123 Main St, Anytown, USA", "medical_history": "", "allergies": "", "medications": "", "created_at": "2025-04-14 15:58:43.925000", "appointment_history": []}, {"_id": "67fd323e7bdca29b48772350", "id": "06243bc5-b3fb-4d16-b77e-4abd0df6a221", "user_id": "d02b80b1-921a-45be-bcd4-f24e606c19cf", "name": "New Patient", "email": "newpatient8213@example.com", "phone": "+1-555-987-6543", "date_of_birth": "1990-01-01", "gender": "male", "address": "123 Main St, Anytown, USA", "medical_history": "", "allergies": "", "medications": "", "created_at": "2025-04-14 16:05:18.104000", "appointment_history": []}, {"_id": "67fd33817bdca29b48772353", "id": "22c98a8f-2603-424b-9bd3-5de84abe7870", "user_id": "780eb10a-47ac-4016-ab7b-cad15a94890c", "name": "New Patient", "email": "newpatient9510@example.com", "phone": "+1-555-987-6543", "date_of_birth": "1990-01-01", "gender": "male", "address": "123 Main St, Anytown, USA", "medical_history": "", "allergies": "", "medications": "", "created_at": "2025-04-14 16:10:41.617000", "appointment_history": []}, {"_id": "67fd343e0db066e624da7c9a", "id": "e2ca2bdf-6d2a-448d-bd5a-7dcd0c6f5ae2", "user_id": "1b948b33-f189-4896-a06d-9b9eae928071", "name": "Jessica Lopez", "email": "jessica.lopez@outlook.com", "phone": "+1-461-134-9975", "date_of_birth": "2000-04-20", "gender": "female", "address": "9807 Maple Dr, San Jose, CA 38428", "medical_history": "", "allergies": "", "medications": "Atorvastatin", "blood_type": "O+", "chronic_diseases": "", "created_at": "2025-04-14 16:13:50.176000", "appointment_history": []}, {"_id": "67fd343e0db066e624da7ca2", "id": "f2e940f5-d3e8-4e4a-a5d1-681f1ac84ad7", "user_id": "f9a42009-d8c3-4bc0-8f43-3b655c605005", "name": "Raj Ali", "email": "raj.ali@yahoo.com", "phone": "+1-549-614-6172", "date_of_birth": "1957-05-01", "gender": "other", "address": "7640 Lake Pl, San Diego, CA 69311", "medical_history": [{"condition": "Hypertension", "diagnosed_date": null, "notes": null}], "allergies": "", "medications": "", "blood_type": "", "chronic_diseases": "", "created_at": "2025-04-14 16:13:50.176000", "appointment_history": []}, {"_id": "67fd343e0db066e624da7ca8", "id": "95ba6ccb-a4fd-437e-bbd6-a1c5b42cb42f", "user_id": "c8b67347-778d-4396-bfa8-0b0af3c63bc3", "name": "Charles Joshi", "email": "charles.joshi@icloud.com", "phone": "+1-677-858-4334", "date_of_birth": "1965-04-29", "gender": "female", "address": "6957 Pine Ln, Dallas, TX 79116", "medical_history": [{"condition": "Depression", "diagnosed_date": null, "notes": null}], "allergies": "", "medications": "Albuterol", "blood_type": "AB+", "chronic_diseases": "", "created_at": "2025-04-14 16:13:50.176000", "appointment_history": []}, {"_id": "67fd343e0db066e624da7ca9", "id": "74d8eced-e9f8-4b2f-86aa-3eceae68b7eb", "user_id": "421a8856-f35a-4387-88f3-55a2180863ae", "name": "Divya Hernandez", "email": "divya.hernandez@yahoo.com", "phone": "+1-732-878-4541", "date_of_birth": "1960-04-30", "gender": "female", "address": "6823 Hill Ave, Dallas, TX 26391", "medical_history": [{"condition": "Hyperlipidemia", "diagnosed_date": null, "notes": null}], "allergies": "Mold", "medications": "", "blood_type": "", "chronic_diseases": "IBS", "created_at": "2025-04-14 16:13:50.176000", "appointment_history": []}, {"_id": "67fd343e0db066e624da7cad", "id": "825fa9dd-8f65-4cce-8c1d-911877592764", "user_id": "88c11f93-6e02-4eae-867b-e2962a57e1bf", "name": "Test Patient", "email": "patient@example.com", "phone": "+1-879-630-4686", "date_of_birth": "1995-04-22", "gender": "female", "address": "2954 Cedar Dr, San Jose, CA 79687", "medical_history": [{"condition": "Asthma", "diagnosed_date": null, "notes": null}], "allergies": "", "medications": "Albuterol", "blood_type": "AB-", "chronic_diseases": "Allergic Rhinitis", "created_at": "2025-04-14 16:13:50.176000", "appointment_history": []}, {"_id": "67fd343e0db066e624da7c9c", "id": "e4684ecb-6cc2-4ae7-9f19-9fefadda8c44", "user_id": "c20d2f0c-cef5-493b-9553-566c59fbd6eb", "name": "Steven Sharma", "email": "steven.sharma@yahoo.com", "phone": "+1-822-985-4504", "date_of_birth": "1950-05-03", "gender": "other", "address": "7074 Park Blvd, Houston, TX 41231", "medical_history": [{"condition": "Hyperlipidemia", "diagnosed_date": null, "notes": null}], "allergies": "", "medications": "", "blood_type": "", "chronic_diseases": "Hyperlipidemia", "created_at": "2025-04-14 16:13:50.176000", "appointment_history": []}, {"_id": "67fd343e0db066e624da7c9d", "id": "2e9f392f-2808-49f6-b906-c9c2b174e99d", "user_id": "b63e957b-8e2d-4aa9-b78a-718ea09ebaec", "name": "Paul Qureshi", "email": "paul.qureshi@icloud.com", "phone": "+1-816-811-3606", "date_of_birth": "1959-05-01", "gender": "female", "address": "357 Oak Dr, Los Angeles, CA 19074", "medical_history": "", "allergies": "", "medications": "", "blood_type": "", "chronic_diseases": "Asthma", "created_at": "2025-04-14 16:13:50.176000", "appointment_history": []}, {"_id": "67fd343e0db066e624da7ca3", "id": "084c0e20-b2fd-47ab-b488-8853a8b3d26d", "user_id": "3867e4df-8be3-4f6e-a699-b16b2124bcd1", "name": "Susan Allen", "email": "susan.allen@gmail.com", "phone": "+1-439-320-5427", "date_of_birth": "1989-04-23", "gender": "male", "address": "3824 Park Rd, Los Angeles, CA 24900", "medical_history": [{"condition": "GERD", "diagnosed_date": null, "notes": null}], "allergies": "", "medications": "", "blood_type": "AB-", "chronic_diseases": "Chronic Sinusitis", "created_at": "2025-04-14 16:13:50.176000", "appointment_history": []}, {"_id": "67fd343e0db066e624da7ca4", "id": "3902b6f5-3f00-4511-b523-9475da609f59", "user_id": "4d4e2db1-5e79-49a8-9751-9341c43d3945", "name": "Matthew Nelson", "email": "matthew.nelson@outlook.com", "phone": "+1-795-548-2313", "date_of_birth": "1967-04-29", "gender": "other", "address": "2285 Hill Ln, Los Angeles, CA 56866", "medical_history": "", "allergies": "", "medications": "", "blood_type": "", "chronic_diseases": "Eczema", "created_at": "2025-04-14 16:13:50.176000", "appointment_history": []}, {"_id": "67fd343e0db066e624da7ca6", "id": "478d4f3a-ceed-414e-9051-3574c042ec28", "user_id": "5b3862ca-3723-4d64-b57e-03530f96e997", "name": "Meera Martinez", "email": "meera.martinez@gmail.com", "phone": "+1-662-270-7978", "date_of_birth": "1995-04-22", "gender": "female", "address": "5376 Elm Ln, San Antonio, TX 22432", "medical_history": [{"condition": "Osteoporosis", "diagnosed_date": null, "notes": null}], "allergies": "", "medications": "", "blood_type": "", "chronic_diseases": "Depression", "created_at": "2025-04-14 16:13:50.176000", "appointment_history": []}, {"_id": "67fd343e0db066e624da7ca7", "id": "d9319c2b-ba16-478b-bc9a-0cfbe171dc1d", "user_id": "c598854f-9362-46a0-b49a-ed79fde7fc1a", "name": "Donald Moore", "email": "donald.moore@icloud.com", "phone": "+1-526-341-3882", "date_of_birth": "1983-04-25", "gender": "male", "address": "5024 Washington Way, New York, NY 33800", "medical_history": "", "allergies": "", "medications": "Levothyroxine", "blood_type": "", "chronic_diseases": "Hypothyroidism", "created_at": "2025-04-14 16:13:50.176000", "appointment_history": []}, {"_id": "67fd343e0db066e624da7caa", "id": "3e47ff9c-d667-4d08-a005-46f88d6d5207", "user_id": "e390861e-07cf-453e-8df5-7be2ffdda6ea", "name": "David Young", "email": "david.young@outlook.com", "phone": "+1-337-753-6360", "date_of_birth": "1962-04-30", "gender": "female", "address": "1907 Park Blvd, San Antonio, TX 80732", "medical_history": [{"condition": "Osteoporosis", "diagnosed_date": null, "notes": null}], "allergies": "", "medications": "", "blood_type": "A+", "chronic_diseases": "Chronic Sinusitis", "created_at": "2025-04-14 16:13:50.176000", "appointment_history": []}, {"_id": "67fd343e0db066e624da7cab", "id": "fb2ffb41-a3ab-4554-9d10-fc15edbb2de9", "user_id": "d6166ff4-c6b0-4fea-90bc-bc7b20eb1233", "name": "Xiu Malik", "email": "xiu.malik@icloud.com", "phone": "+1-624-383-3132", "date_of_birth": "1958-05-01", "gender": "male", "address": "3383 Main Ave, Houston, TX 83339", "medical_history": "", "allergies": "", "medications": "", "blood_type": "O+", "chronic_diseases": "", "created_at": "2025-04-14 16:13:50.176000", "appointment_history": []}, {"_id": "67fd343e0db066e624da7c99", "id": "0791ffdf-6c7e-4cad-ad26-ce166cc5dee9", "user_id": "dca9419f-2023-43af-85a6-d9aa21e09e33", "name": "Zainab Wright", "email": "zainab.wright@hotmail.com", "phone": "+1-995-289-8814", "date_of_birth": "1997-04-21", "gender": "female", "address": "8276 Park Ln, Dallas, TX 90424", "medical_history": [{"condition": "Asthma", "diagnosed_date": null, "notes": null}], "allergies": "", "medications": "", "blood_type": "", "chronic_diseases": "", "created_at": "2025-04-14 16:13:50.176000", "appointment_history": []}, {"_id": "67fd343e0db066e624da7c9e", "id": "efd4ff83-d985-4409-9388-808e81f8fb4b", "user_id": "71a6027d-23e2-4c68-b59b-f2d3ec7d2d66", "name": "James Rahman", "email": "james.rahman@gmail.com", "phone": "+1-393-966-8701", "date_of_birth": "1986-04-24", "gender": "male", "address": "4188 Main Ave, San Antonio, TX 36223", "medical_history": [{"condition": "Hypothyroidism", "diagnosed_date": null, "notes": null}], "allergies": "", "medications": "", "blood_type": "A-", "chronic_diseases": "", "created_at": "2025-04-14 16:13:50.176000", "appointment_history": []}, {"_id": "67fd343e0db066e624da7ca1", "id": "406f21f1-fb68-4c34-a377-f6b7b6f2ff71", "user_id": "a3297fd1-1a4d-4148-9cf4-9804405d1774", "name": "Feng Miller", "email": "feng.miller@hotmail.com", "phone": "+1-264-211-1895", "date_of_birth": "1973-04-27", "gender": "male", "address": "9414 Elm Ln, Chicago, IL 72034", "medical_history": [{"condition": "Hyperlipidemia", "diagnosed_date": null, "notes": null}], "allergies": "", "medications": "", "blood_type": "O+", "chronic_diseases": "Diabetes Type 2", "created_at": "2025-04-14 16:13:50.176000", "appointment_history": []}, {"_id": "67fd343e0db066e624da7c9b", "id": "9a90d834-8aaa-4b29-8b17-39351705a73e", "user_id": "c448f61f-4a5e-4dd0-a5d6-162df41e124c", "name": "Zainab Liu", "email": "zainab.liu@aol.com", "phone": "+1-516-666-9081", "date_of_birth": "2003-04-20", "gender": "female", "address": "8532 Maple Blvd, Chicago, IL 76087", "medical_history": [{"condition": "Depression", "diagnosed_date": null, "notes": null}], "allergies": "", "medications": "", "blood_type": "B-", "chronic_diseases": "", "created_at": "2025-04-14 16:13:50.176000", "appointment_history": []}, {"_id": "67fd343e0db066e624da7c9f", "id": "2135324c-fde7-411f-8a34-25127b7d053d", "user_id": "aae615c9-6fe8-43b7-add9-71b0b9ec6315", "name": "Abigail Zhou", "email": "abigail.zhou@icloud.com", "phone": "+1-879-976-6404", "date_of_birth": "2000-04-20", "gender": "male", "address": "4408 Oak St, San Antonio, TX 79960", "medical_history": "", "allergies": "Sulfa Drugs", "medications": "Atorvastatin", "blood_type": "", "chronic_diseases": "Eczema", "created_at": "2025-04-14 16:13:50.176000", "appointment_history": []}, {"_id": "67fd343e0db066e624da7ca0", "id": "1cb6e3b3-f4a4-4762-a912-9507a641f31e", "user_id": "4034349b-cb08-40aa-a8f0-9b4dd9254e5b", "name": "Mohammed Jones", "email": "mohammed.jones@icloud.com", "phone": "+1-641-395-1260", "date_of_birth": "1977-04-26", "gender": "female", "address": "5492 Main Way, Phoenix, AZ 86101", "medical_history": [{"condition": "Hypothyroidism", "diagnosed_date": null, "notes": null}], "allergies": "", "medications": "Prednisone", "blood_type": "", "chronic_diseases": "Diabetes Type 2", "created_at": "2025-04-14 16:13:50.176000", "appointment_history": []}, {"_id": "67fd343e0db066e624da7ca5", "id": "7da7cff1-3217-485b-b12a-0fa2dfb3bba7", "user_id": "bf18ce14-17b0-44b4-a6b9-02ac669ae1da", "name": "Karen Lewis", "email": "karen.lewis@hotmail.com", "phone": "+1-688-918-3498", "date_of_birth": "1959-05-01", "gender": "female", "address": "6458 Washington Way, Los Angeles, CA 21215", "medical_history": "", "allergies": "", "medications": "", "blood_type": "", "chronic_diseases": "Hyperlipidemia", "created_at": "2025-04-14 16:13:50.176000", "appointment_history": []}, {"_id": "67fd343e0db066e624da7cac", "id": "32b1b10d-1018-46b0-bd80-8aa199e1ca92", "user_id": "dd0b38f6-c9df-48fd-8967-a9ec7283bb1f", "name": "Ibrahim Carter", "email": "ibrahim.carter@aol.com", "phone": "+1-236-191-2998", "date_of_birth": "1953-05-02", "gender": "other", "address": "4263 Washington Way, San Diego, CA 39885", "medical_history": "", "allergies": "Sulfa Drugs", "medications": "", "blood_type": "", "chronic_diseases": "", "created_at": "2025-04-14 16:13:50.176000", "appointment_history": []}, {"_id": "67fd35f67bdca29b48772356", "id": "e36a464f-1d88-4eca-9614-8ee9b5648dfe", "user_id": "b65719a6-dcee-4bc3-96a3-ce93c0fd7366", "name": "New Patient", "email": "newpatient8981@example.com", "phone": "+1-873-922-3439", "date_of_birth": "1999-06-16", "gender": "other", "address": "9230 Main St, Anytown, USA", "medical_history": "", "allergies": "", "medications": "", "created_at": "2025-04-14 16:21:10.213000", "appointment_history": []}, {"_id": "6810ca8083600766346949d1", "id": "f63ff251-5812-4aa2-b597-cba7c5ea69a5", "user_id": "43725b59-c9d6-4faf-bd65-e146f3aed2b3", "name": "Test Patient", "email": "patient_4088@example.com", "phone": "555-123-4567", "date_of_birth": "1990-01-01", "gender": "male", "address": "123 Test St", "medical_history": [{"condition": "None", "diagnosed_date": null, "notes": null}], "allergies": "None", "medications": "None", "created_at": "2025-04-29 13:48:00.461000", "appointment_history": []}, {"_id": "6810cbefb5007fbe8e2c0146", "id": "208dce28-39ee-4649-8756-87693e527227", "user_id": "7268bb65-ed3a-4dc8-87c4-cb54b71d4291", "name": "New Patient", "email": "newpatient5547@example.com", "phone": "+1-374-971-6179", "date_of_birth": "1988-10-21", "gender": "female", "address": "5427 Main St, Anytown, USA", "medical_history": "", "allergies": "", "medications": "", "created_at": "2025-04-29 13:54:07.486000", "appointment_history": []}, {"_id": "68271e925135ed30b207d392", "id": "94e01f2d-327d-428a-8d82-fffaf3c268de", "user_id": "4eb4c5d6-d8d6-4c61-a966-3ff8681c46f2", "name": "Test User", "email": "testuser@gmail.com", "phone": "0123456789", "date_of_birth": "2001-10-17", "gender": "male", "address": "Address example", "medical_history": "", "allergies": "", "medications": "", "created_at": "2025-05-16 12:16:34.525000", "appointment_history": []}, {"_id": "682727c15135ed30b207d396", "id": "0c49ea7c-5bb0-4c3e-a0be-63e6276e0e71", "user_id": "dfd77d78-d3a0-4c81-ac80-e64fd0e84bb6", "name": "New Patient", "email": "newpatient6395@example.com", "phone": "+1-962-629-6500", "date_of_birth": "1951-06-16", "gender": "female", "address": "6918 Main St, Anytown, USA", "medical_history": "", "allergies": "", "medications": "", "created_at": "2025-05-16 12:55:45.815000", "appointment_history": []}, {"_id": "68272c635135ed30b207d399", "id": "b5ce6570-8a07-4af9-8fc8-88ab1cff66a7", "user_id": "d588b5fe-5d96-4c24-95ff-d47e97b1fbec", "name": "New Patient", "email": "newpatient2020@example.com", "phone": "+1-611-943-6648", "date_of_birth": "1970-12-18", "gender": "other", "address": "3859 Main St, Anytown, USA", "medical_history": "", "allergies": "", "medications": "", "created_at": "2025-05-16 13:15:31.822000", "appointment_history": []}, {"_id": "68272cac5135ed30b207d39c", "id": "3b78d72d-ecfc-415a-9b2f-7678568e5b03", "user_id": "8503f4b9-41b0-419d-9a9b-25d43350e0ac", "name": "New Patient", "email": "newpatient7435@example.com", "phone": "+1-442-151-4982", "date_of_birth": "1981-07-22", "gender": "male", "address": "1293 Main St, Anytown, USA", "medical_history": "", "allergies": "", "medications": "", "created_at": "2025-05-16 13:16:44.864000", "appointment_history": []}, {"_id": "68272d005135ed30b207d39f", "id": "6483c3f7-358d-4d1a-80e6-a68048cd6292", "user_id": "581f7d42-685b-42c8-a951-f9d75670a8fe", "name": "New Patient", "email": "newpatient4042@example.com", "phone": "+1-234-605-6026", "date_of_birth": "1962-03-11", "gender": "female", "address": "758 Main St, Anytown, USA", "medical_history": "", "allergies": "", "medications": "", "created_at": "2025-05-16 13:18:08.038000", "appointment_history": []}, {"_id": "68272d125135ed30b207d3a2", "id": "fed282a9-6f8a-4035-beda-b6bcd043e7c6", "user_id": "c35138a0-38c2-45c8-ab37-3c46821b4f78", "name": "New Patient", "email": "newpatient6291@example.com", "phone": "+1-951-383-2368", "date_of_birth": "1989-02-02", "gender": "female", "address": "7393 Main St, Anytown, USA", "medical_history": "", "allergies": "", "medications": "", "created_at": "2025-05-16 13:18:26.087000", "appointment_history": []}, {"_id": "68272d5b5135ed30b207d3a5", "id": "6b35cf82-8f2a-4549-b9fb-f02de6329924", "user_id": "853de4b0-ba37-4ad4-991b-3f5989ccdca1", "name": "New Patient", "email": "newpatient3562@example.com", "phone": "+1-917-531-1590", "date_of_birth": "1960-07-16", "gender": "other", "address": "7405 Main St, Anytown, USA", "medical_history": "", "allergies": "", "medications": "", "created_at": "2025-05-16 13:19:39.038000", "appointment_history": []}, {"_id": "68275b76087212bbd36d6fc1", "id": "b5fd7c04-85d8-4d61-8370-ed6f85fb784f", "user_id": "9d34ceb8-c53b-49d9-a649-3c5b8af8901a", "name": "Test Patient", "email": "testtest@gmail.com", "phone": "0123456789", "date_of_birth": "2004-01-28", "gender": "male", "address": "Vernon Place", "medical_history": [{"condition": "None", "diagnosed_date": null, "notes": null}], "allergies": "", "medications": "", "created_at": "2025-05-16 16:36:22.252000", "appointment_history": []}, {"_id": "68276bc8087212bbd36d6fc2", "id": "93345091-6298-409a-a0a5-d8cb293e1e1b", "name": "Ayoub El", "email": "ayoubel@gmail.com", "phone": "012345678", "date_of_birth": "", "gender": "male", "address": "", "medical_history": "", "allergies": "", "medications": "", "created_at": "2025-05-16 17:46:00.121000", "appointment_history": []}, {"_id": "68276bd7087212bbd36d6fc3", "id": "ce054358-088e-4435-b864-2815e8f883a2", "name": "Ayoub El", "email": "", "phone": "0123456789", "date_of_birth": "", "gender": "male", "address": "", "medical_history": "", "allergies": "", "medications": "", "created_at": "2025-05-16 17:46:15.455000", "appointment_history": []}]