[{"_id": "67f656f6406f770a6f825614", "name": "django_migrations", "auto": {"field_names": ["id"], "seq": 18}, "fields": {"app": {"type_code": "string"}, "applied": {"type_code": "date"}, "id": {"type_code": "long"}, "name": {"type_code": "string"}}}, {"_id": "67f656f6406f770a6f825615", "name": "django_content_type", "auto": {"field_names": ["id"], "seq": 0}, "fields": {"app_label": {"type_code": "string"}, "id": {"type_code": "int"}, "model": {"type_code": "string"}}}, {"_id": "67f65ba0406f770a6f825a93", "name": "auth_permission", "auto": {"field_names": ["id"], "seq": 0}, "fields": {"codename": {"type_code": "string"}, "content_type_id": {"type_code": "int"}, "id": {"type_code": "int"}, "name": {"type_code": "string"}}}, {"_id": "67f65ba1406f770a6f825a94", "name": "auth_group", "auto": {"field_names": ["id"], "seq": 0}, "fields": {"id": {"type_code": "int"}, "name": {"type_code": "string"}}}, {"_id": "67f65ba1406f770a6f825a95", "name": "auth_group_permissions", "auto": {"field_names": ["id"], "seq": 0}, "fields": {"group_id": {"type_code": "int"}, "id": {"type_code": "long"}, "permission_id": {"type_code": "int"}}}, {"_id": "67f65ba2406f770a6f825a96", "name": "appointments_doctor", "auto": {"field_names": ["id"], "seq": 0}, "fields": {"email": {"type_code": "string"}, "id": {"type_code": "long"}, "name": {"type_code": "string"}, "phone": {"type_code": "string"}, "specialization": {"type_code": "string"}}}, {"_id": "67f65ba3406f770a6f825a97", "name": "appointments_user", "auto": {"field_names": ["id"], "seq": 0}, "fields": {"birthday": {"type_code": "date"}, "date_joined": {"type_code": "date"}, "email": {"type_code": "string"}, "first_name": {"type_code": "string"}, "id": {"type_code": "long"}, "is_active": {"type_code": "bool"}, "is_staff": {"type_code": "bool"}, "is_superuser": {"type_code": "bool"}, "last_login": {"type_code": "date"}, "last_name": {"type_code": "string"}, "medical_history": {"type_code": "string"}, "password": {"type_code": "string"}, "phone": {"type_code": "string"}, "username": {"type_code": "string"}, "avatar": {"type_code": null}}}, {"_id": "67f65ba3406f770a6f825a98", "name": "appointments_user_groups", "auto": {"field_names": ["id"], "seq": 0}, "fields": {"group_id": {"type_code": "int"}, "id": {"type_code": "long"}, "user_id": {"type_code": "long"}}}, {"_id": "67f65ba3406f770a6f825a99", "name": "appointments_user_user_permissions", "auto": {"field_names": ["id"], "seq": 0}, "fields": {"id": {"type_code": "long"}, "permission_id": {"type_code": "int"}, "user_id": {"type_code": "long"}}}, {"_id": "67f65ba3406f770a6f825a9a", "name": "appointments_appointment", "auto": {"field_names": ["id"], "seq": 0}, "fields": {"date": {"type_code": "date"}, "doctor_id": {"type_code": "long"}, "id": {"type_code": "long"}, "notes": {"type_code": "string"}, "patient_id": {"type_code": "long"}, "status": {"type_code": "string"}}}, {"_id": "67f65ba4406f770a6f825a9b", "name": "django_admin_log", "auto": {"field_names": ["id"], "seq": 0}, "fields": {"action_flag": {"type_code": "int"}, "action_time": {"type_code": "date"}, "change_message": {"type_code": "string"}, "content_type_id": {"type_code": "int"}, "id": {"type_code": "int"}, "object_id": {"type_code": "string"}, "object_repr": {"type_code": "string"}, "user_id": {"type_code": "long"}}}]