[{"_id": "67f6698bd0ca86dffbb918b3", "id": 1, "app": "contenttypes", "name": "0001_initial", "applied": "2025-04-09 12:35:23.080000"}, {"_id": "67f6698bd0ca86dffbb918b4", "id": 2, "app": "contenttypes", "name": "0002_remove_content_type_name", "applied": "2025-04-09 12:35:23.350000"}, {"_id": "67f6698cd0ca86dffbb918b5", "id": 3, "app": "auth", "name": "0001_initial", "applied": "2025-04-09 12:35:24.128000"}, {"_id": "67f6698cd0ca86dffbb918b6", "id": 4, "app": "auth", "name": "0002_alter_permission_name_max_length", "applied": "2025-04-09 12:35:24.197000"}, {"_id": "67f6698cd0ca86dffbb918b7", "id": 5, "app": "auth", "name": "0003_alter_user_email_max_length", "applied": "2025-04-09 12:35:24.490000"}, {"_id": "67f6698cd0ca86dffbb918b8", "id": 6, "app": "auth", "name": "0004_alter_user_username_opts", "applied": "2025-04-09 12:35:24.561000"}, {"_id": "67f6698cd0ca86dffbb918b9", "id": 7, "app": "auth", "name": "0005_alter_user_last_login_null", "applied": "2025-04-09 12:35:24.630000"}, {"_id": "67f6698cd0ca86dffbb918ba", "id": 8, "app": "auth", "name": "0006_require_contenttypes_0002", "applied": "2025-04-09 12:35:24.706000"}, {"_id": "67f6698cd0ca86dffbb918bb", "id": 9, "app": "auth", "name": "0007_alter_validators_add_error_messages", "applied": "2025-04-09 12:35:24.780000"}, {"_id": "67f6698cd0ca86dffbb918bc", "id": 10, "app": "auth", "name": "0008_alter_user_username_max_length", "applied": "2025-04-09 12:35:24.852000"}, {"_id": "67f6698cd0ca86dffbb918bd", "id": 11, "app": "auth", "name": "0009_alter_user_last_name_max_length", "applied": "2025-04-09 12:35:24.924000"}, {"_id": "67f6698dd0ca86dffbb918be", "id": 12, "app": "auth", "name": "0010_alter_group_name_max_length", "applied": "2025-04-09 12:35:24.992000"}, {"_id": "67f6698dd0ca86dffbb918bf", "id": 13, "app": "auth", "name": "0011_update_proxy_permissions", "applied": "2025-04-09 12:35:25.061000"}, {"_id": "67f6698dd0ca86dffbb918c0", "id": 14, "app": "auth", "name": "0012_alter_user_first_name_max_length", "applied": "2025-04-09 12:35:25.133000"}, {"_id": "67f6698fd0ca86dffbb918c1", "id": 15, "app": "appointments", "name": "0001_initial", "applied": "2025-04-09 12:35:27.040000"}, {"_id": "67f6698fd0ca86dffbb918c2", "id": 16, "app": "admin", "name": "0001_initial", "applied": "2025-04-09 12:35:27.590000"}, {"_id": "67f6698fd0ca86dffbb918c3", "id": 17, "app": "admin", "name": "0002_logentry_remove_auto_add", "applied": "2025-04-09 12:35:27.719000"}, {"_id": "67f6698fd0ca86dffbb918c4", "id": 18, "app": "admin", "name": "0003_logentry_add_action_flag_choices", "applied": "2025-04-09 12:35:27.817000"}]