[{"_id": "67fd343c0db066e624da7c50", "doctor_id": "c0c6da13-bf73-4a9b-a694-b8d57dc6dce1", "doctor_name": "Dr. James Lopez", "available_days": "friday,tuesday", "day_specific_data": {"friday": {"start_time": "10:00", "end_time": "17:00"}, "tuesday": {"start_time": "09:00", "end_time": "17:00"}}}, {"_id": "67fd343c0db066e624da7c53", "doctor_id": "c47877cb-0a21-44ce-8777-b425bc292503", "doctor_name": "Dr. Karen Zhao", "available_days": "wednesday,monday,tuesday,thursday,friday", "day_specific_data": {"wednesday": {"start_time": "08:00", "end_time": "18:00"}, "monday": {"start_time": "09:00", "end_time": "18:00"}, "tuesday": {"start_time": "08:00", "end_time": "19:00"}, "thursday": {"start_time": "09:00", "end_time": "16:00"}, "friday": {"start_time": "10:00", "end_time": "19:00"}}}, {"_id": "67fd343c0db066e624da7c55", "doctor_id": "6037eff1-acff-46f3-8889-5fe4abe74f13", "doctor_name": "Dr. Wei Gonzalez", "available_days": "wednesday,tuesday,friday", "day_specific_data": {"wednesday": {"start_time": "10:00", "end_time": "19:00"}, "tuesday": {"start_time": "08:00", "end_time": "18:00"}, "friday": {"start_time": "09:00", "end_time": "19:00"}}}, {"_id": "67fd343c0db066e624da7c56", "doctor_id": "6f446f79-149a-49ae-b41a-f59960be76c8", "doctor_name": "Dr. Emily Mahmood", "available_days": "friday,thursday,tuesday", "day_specific_data": {"friday": {"start_time": "09:00", "end_time": "19:00"}, "thursday": {"start_time": "10:00", "end_time": "16:00"}, "tuesday": {"start_time": "08:00", "end_time": "16:00"}}}, {"_id": "67fd343c0db066e624da7c57", "doctor_id": "80e94106-0f3f-4c7a-b527-47b2ebfd9369", "doctor_name": "Dr. Joseph Robinson", "available_days": "tuesday,monday,friday,thursday,wednesday", "day_specific_data": {"tuesday": {"start_time": "09:00", "end_time": "17:00"}, "monday": {"start_time": "10:00", "end_time": "17:00"}, "friday": {"start_time": "10:00", "end_time": "16:00"}, "thursday": {"start_time": "10:00", "end_time": "19:00"}, "wednesday": {"start_time": "09:00", "end_time": "18:00"}}}, {"_id": "67fd343c0db066e624da7c58", "doctor_id": "067270dd-b33a-4b07-aab8-8bb822dd8ee5", "doctor_name": "Dr. Jessica Wright", "available_days": "thursday,monday", "day_specific_data": {"thursday": {"start_time": "08:00", "end_time": "19:00"}, "monday": {"start_time": "08:00", "end_time": "19:00"}}}, {"_id": "67fd343c0db066e624da7c5c", "doctor_id": "7745a8bf-198f-40e9-b2c0-afdef54e6f9e", "doctor_name": "Dr. Emily Young", "available_days": "monday,friday", "day_specific_data": {"monday": {"start_time": "08:00", "end_time": "19:00"}, "friday": {"start_time": "08:00", "end_time": "16:00"}}}, {"_id": "67fd343c0db066e624da7c5f", "doctor_id": "af0ae164-7f1a-498a-b6a9-2c31e1d8cf90", "doctor_name": "Dr. Fatima Jones", "available_days": "monday,tuesday,friday,wednesday", "day_specific_data": {"monday": {"start_time": "09:00", "end_time": "17:00"}, "tuesday": {"start_time": "08:00", "end_time": "19:00"}, "friday": {"start_time": "09:00", "end_time": "16:00"}, "wednesday": {"start_time": "10:00", "end_time": "19:00"}}}, {"_id": "67fd343c0db066e624da7c61", "doctor_id": "1cb881df-ab8b-41dd-9e60-7bf55c5c37ed", "doctor_name": "Dr. Mark Harris", "available_days": "wednesday,monday,friday,thursday,tuesday", "day_specific_data": {"wednesday": {"start_time": "10:00", "end_time": "17:00"}, "monday": {"start_time": "10:00", "end_time": "16:00"}, "friday": {"start_time": "10:00", "end_time": "18:00"}, "thursday": {"start_time": "09:00", "end_time": "17:00"}, "tuesday": {"start_time": "08:00", "end_time": "17:00"}}}, {"_id": "67fd343c0db066e624da7c64", "doctor_id": "6a4fbd26-b468-4b77-bd74-d4e11bc48024", "doctor_name": "Dr. Richard Shah", "available_days": "tuesday,friday", "day_specific_data": {"tuesday": {"start_time": "09:00", "end_time": "18:00"}, "friday": {"start_time": "10:00", "end_time": "19:00"}}}, {"_id": "67fd343c0db066e624da7c66", "doctor_id": "c1067c84-b8ff-4520-ac0f-29f2d0f10c23", "doctor_name": "Dr. Richard Johnson", "available_days": "tuesday,friday", "day_specific_data": {"tuesday": {"start_time": "08:00", "end_time": "16:00"}, "friday": {"start_time": "09:00", "end_time": "16:00"}}}, {"_id": "67fd343c0db066e624da7c67", "doctor_id": "693a205d-2300-4a6a-9951-8e102652a296", "doctor_name": "Dr. Li King", "available_days": "tuesday,friday", "day_specific_data": {"tuesday": {"start_time": "09:00", "end_time": "18:00"}, "friday": {"start_time": "08:00", "end_time": "17:00"}}}, {"_id": "67fd343c0db066e624da7c6b", "doctor_id": "9acce3c5-1861-4c8f-9660-cd7997307a2b", "doctor_name": "Dr. Richard Zhao", "available_days": "friday,wednesday", "day_specific_data": {"friday": {"start_time": "10:00", "end_time": "18:00"}, "wednesday": {"start_time": "09:00", "end_time": "19:00"}}}, {"_id": "67fd343d0db066e624da7c6f", "doctor_id": "04ea9da4-e206-4c53-89aa-ff0ff2d9ac1a", "doctor_name": "Dr. Xiu Walker", "available_days": "thursday,tuesday,monday,friday", "day_specific_data": {"thursday": {"start_time": "08:00", "end_time": "16:00"}, "tuesday": {"start_time": "10:00", "end_time": "19:00"}, "monday": {"start_time": "10:00", "end_time": "17:00"}, "friday": {"start_time": "10:00", "end_time": "19:00"}}}, {"_id": "67fd343d0db066e624da7c73", "doctor_id": "47e1e7bd-b50f-4fb7-88a8-cb51fa7ff55f", "doctor_name": "Dr. Raj Walker", "available_days": "tuesday,thursday,friday,monday,wednesday", "day_specific_data": {"tuesday": {"start_time": "10:00", "end_time": "19:00"}, "thursday": {"start_time": "08:00", "end_time": "16:00"}, "friday": {"start_time": "10:00", "end_time": "19:00"}, "monday": {"start_time": "08:00", "end_time": "17:00"}, "wednesday": {"start_time": "09:00", "end_time": "18:00"}}}, {"_id": "67fd343d0db066e624da7c77", "doctor_id": "2334d1bd-08d3-478a-bd3c-08202fada90f", "doctor_name": "Dr. Ming Hall", "available_days": "wednesday,tuesday", "day_specific_data": {"wednesday": {"start_time": "08:00", "end_time": "16:00"}, "tuesday": {"start_time": "08:00", "end_time": "19:00"}}}, {"_id": "67fd343d0db066e624da7c7a", "doctor_id": "cd705ae7-b936-4b9d-827f-2a3cbf5f5860", "doctor_name": "Dr. Thomas Mahmood", "available_days": "tuesday,thursday", "day_specific_data": {"tuesday": {"start_time": "10:00", "end_time": "16:00"}, "thursday": {"start_time": "08:00", "end_time": "16:00"}}}, {"_id": "67fd343d0db066e624da7c7c", "doctor_id": "46e1e0b9-fcb2-4ee2-9987-59ee2e124914", "doctor_name": "Dr. Joseph Patel", "available_days": "thursday,friday,tuesday", "day_specific_data": {"thursday": {"start_time": "10:00", "end_time": "19:00"}, "friday": {"start_time": "10:00", "end_time": "16:00"}, "tuesday": {"start_time": "09:00", "end_time": "16:00"}}}, {"_id": "67fd343d0db066e624da7c7f", "doctor_id": "76b1786e-ff43-41c8-aad6-2c124c229707", "doctor_name": "Dr. Aisha Johnson", "available_days": "tuesday,thursday", "day_specific_data": {"tuesday": {"start_time": "10:00", "end_time": "17:00"}, "thursday": {"start_time": "08:00", "end_time": "16:00"}}}, {"_id": "67fd343d0db066e624da7c81", "doctor_id": "34ea6c54-ed3d-4a59-a8f3-828c2e52ac26", "doctor_name": "Dr. James Johnson", "available_days": "monday,thursday", "day_specific_data": {"monday": {"start_time": "09:00", "end_time": "18:00"}, "thursday": {"start_time": "08:00", "end_time": "17:00"}}}, {"_id": "67fd343d0db066e624da7c83", "doctor_id": "40f23377-f675-4a6e-9ef6-6cec0cac7453", "doctor_name": "Dr. Test Doctor", "available_days": "friday,monday,wednesday", "day_specific_data": {"friday": {"start_time": "09:00", "end_time": "18:00"}, "monday": {"start_time": "10:00", "end_time": "16:00"}, "wednesday": {"start_time": "08:00", "end_time": "19:00"}}}]