[{"_id": "67fd343c0db066e624da7c51", "id": "82fad5d0-22a7-4672-a439-a0b4fca00153", "doctor_id": "c0c6da13-bf73-4a9b-a694-b8d57dc6dce1", "date": "2025-04-19", "is_available": false, "reason": "Personal leave"}, {"_id": "67fd343c0db066e624da7c52", "id": "985c8ec9-ac4b-4a32-8f61-6a082aef09e0", "doctor_id": "c0c6da13-bf73-4a9b-a694-b8d57dc6dce1", "date": "2025-06-13", "is_available": false, "reason": "Holiday"}, {"_id": "67fd343c0db066e624da7c54", "id": "8cde83f4-ffc1-4828-a3f0-3bc86d70d892", "doctor_id": "c47877cb-0a21-44ce-8777-b425bc292503", "date": "2025-05-17", "is_available": false, "reason": "Personal leave"}, {"_id": "67fd343c0db066e624da7c59", "id": "6a178d49-35e8-4c6d-8d3c-c0612c33a82f", "doctor_id": "067270dd-b33a-4b07-aab8-8bb822dd8ee5", "date": "2025-05-02", "is_available": false, "reason": "Personal leave"}, {"_id": "67fd343c0db066e624da7c5a", "id": "da908cce-63f6-4fba-b966-621fa77f01f1", "doctor_id": "067270dd-b33a-4b07-aab8-8bb822dd8ee5", "date": "2025-06-04", "is_available": false, "reason": "Out of office"}, {"_id": "67fd343c0db066e624da7c5b", "id": "61c35b07-af0a-481b-b9dd-42114e43fa14", "doctor_id": "067270dd-b33a-4b07-aab8-8bb822dd8ee5", "date": "2025-05-11", "is_available": false, "reason": "Conference"}, {"_id": "67fd343c0db066e624da7c5d", "id": "2a68d372-a174-4402-b607-40f2596da50c", "doctor_id": "7745a8bf-198f-40e9-b2c0-afdef54e6f9e", "date": "2025-04-22", "is_available": false, "reason": "Out of office"}, {"_id": "67fd343c0db066e624da7c5e", "id": "db859767-a084-4dc4-8eef-6734dff97d07", "doctor_id": "7745a8bf-198f-40e9-b2c0-afdef54e6f9e", "date": "2025-04-28", "is_available": false, "reason": "Personal leave"}, {"_id": "67fd343c0db066e624da7c60", "id": "993c2404-8923-4c0b-a46c-b99e866f79f9", "doctor_id": "af0ae164-7f1a-498a-b6a9-2c31e1d8cf90", "date": "2025-06-07", "is_available": false, "reason": "Conference"}, {"_id": "67fd343c0db066e624da7c62", "id": "1014500f-42cb-426a-8fb7-694949921ebb", "doctor_id": "1cb881df-ab8b-41dd-9e60-7bf55c5c37ed", "date": "2025-05-04", "is_available": false, "reason": "Out of office"}, {"_id": "67fd343c0db066e624da7c63", "id": "e2ae538f-7491-4b43-900f-aca8d2b6e8c9", "doctor_id": "1cb881df-ab8b-41dd-9e60-7bf55c5c37ed", "date": "2025-05-04", "is_available": false, "reason": "Holiday"}, {"_id": "67fd343c0db066e624da7c65", "id": "527b72cb-184a-4e71-a3ea-e8ca4a7f746d", "doctor_id": "6a4fbd26-b468-4b77-bd74-d4e11bc48024", "date": "2025-06-04", "is_available": false, "reason": "Conference"}, {"_id": "67fd343c0db066e624da7c68", "id": "25f4e691-36e8-4026-b405-6c42b9dbcdba", "doctor_id": "693a205d-2300-4a6a-9951-8e102652a296", "date": "2025-05-02", "is_available": false, "reason": "Personal leave"}, {"_id": "67fd343c0db066e624da7c69", "id": "bb5006d8-940f-4cdb-8732-a9548f6cb2da", "doctor_id": "693a205d-2300-4a6a-9951-8e102652a296", "date": "2025-05-11", "is_available": false, "reason": "Conference"}, {"_id": "67fd343c0db066e624da7c6a", "id": "8d0e1f9a-9d54-449a-9298-e290fb7e8f0f", "doctor_id": "693a205d-2300-4a6a-9951-8e102652a296", "date": "2025-05-11", "is_available": false, "reason": "Holiday"}, {"_id": "67fd343c0db066e624da7c6c", "id": "736caf4c-a3d6-4d2b-b984-5285384e4cf0", "doctor_id": "9acce3c5-1861-4c8f-9660-cd7997307a2b", "date": "2025-05-25", "is_available": false, "reason": "Out of office"}, {"_id": "67fd343d0db066e624da7c6d", "id": "1534d592-b8f0-472a-a755-06301ce42ba9", "doctor_id": "9acce3c5-1861-4c8f-9660-cd7997307a2b", "date": "2025-05-05", "is_available": false, "reason": "Personal leave"}, {"_id": "67fd343d0db066e624da7c6e", "id": "09da137f-2e72-4064-9d50-b5b5204ec459", "doctor_id": "9acce3c5-1861-4c8f-9660-cd7997307a2b", "date": "2025-04-17", "is_available": false, "reason": "Conference"}, {"_id": "67fd343d0db066e624da7c70", "id": "6cccedd2-3d17-4175-879b-5a498ff8fa09", "doctor_id": "04ea9da4-e206-4c53-89aa-ff0ff2d9ac1a", "date": "2025-05-17", "is_available": false, "reason": "Personal leave"}, {"_id": "67fd343d0db066e624da7c71", "id": "0b087c19-68ee-4dd8-a75e-4759adec0e39", "doctor_id": "04ea9da4-e206-4c53-89aa-ff0ff2d9ac1a", "date": "2025-05-12", "is_available": false, "reason": "Personal leave"}, {"_id": "67fd343d0db066e624da7c72", "id": "e7d326a9-b1ea-4e39-8275-a2f9f803205d", "doctor_id": "04ea9da4-e206-4c53-89aa-ff0ff2d9ac1a", "date": "2025-05-29", "is_available": false, "reason": "Holiday"}, {"_id": "67fd343d0db066e624da7c74", "id": "4a1fb65b-67b5-4a93-bd1a-ddafb64b4a47", "doctor_id": "47e1e7bd-b50f-4fb7-88a8-cb51fa7ff55f", "date": "2025-04-22", "is_available": false, "reason": "Personal leave"}, {"_id": "67fd343d0db066e624da7c75", "id": "927c7108-58b1-4cbd-905c-a980d60e7be9", "doctor_id": "47e1e7bd-b50f-4fb7-88a8-cb51fa7ff55f", "date": "2025-04-30", "is_available": false, "reason": "Holiday"}, {"_id": "67fd343d0db066e624da7c76", "id": "da9777b8-e626-417e-a0fb-2b3f68540c43", "doctor_id": "47e1e7bd-b50f-4fb7-88a8-cb51fa7ff55f", "date": "2025-04-25", "is_available": false, "reason": "Personal leave"}, {"_id": "67fd343d0db066e624da7c78", "id": "1cbf450f-fcc9-4dea-80c2-7b557c8adaaa", "doctor_id": "2334d1bd-08d3-478a-bd3c-08202fada90f", "date": "2025-05-07", "is_available": false, "reason": "Conference"}, {"_id": "67fd343d0db066e624da7c79", "id": "2cb4d458-4436-4205-a571-1301deb96238", "doctor_id": "2334d1bd-08d3-478a-bd3c-08202fada90f", "date": "2025-06-02", "is_available": false, "reason": "Conference"}, {"_id": "67fd343d0db066e624da7c7b", "id": "a81359ec-334f-42f8-b898-bd42075108ab", "doctor_id": "cd705ae7-b936-4b9d-827f-2a3cbf5f5860", "date": "2025-05-29", "is_available": false, "reason": "Holiday"}, {"_id": "67fd343d0db066e624da7c7d", "id": "8977d7f7-16a8-49bd-a695-45f47512cfd9", "doctor_id": "46e1e0b9-fcb2-4ee2-9987-59ee2e124914", "date": "2025-05-26", "is_available": false, "reason": "Out of office"}, {"_id": "67fd343d0db066e624da7c7e", "id": "e7901231-3520-462a-a828-0ae4835aebcc", "doctor_id": "46e1e0b9-fcb2-4ee2-9987-59ee2e124914", "date": "2025-05-25", "is_available": false, "reason": "Conference"}, {"_id": "67fd343d0db066e624da7c80", "id": "8bf9b8c6-d1c8-4e65-b4e7-1dc06170f577", "doctor_id": "76b1786e-ff43-41c8-aad6-2c124c229707", "date": "2025-06-06", "is_available": false, "reason": "Personal leave"}, {"_id": "67fd343d0db066e624da7c82", "id": "167e2ffc-7479-40da-9789-c3205640cf9c", "doctor_id": "34ea6c54-ed3d-4a59-a8f3-828c2e52ac26", "date": "2025-05-13", "is_available": false, "reason": "Out of office"}]